{
  "dataset": "clean",
  "model": "knn_k3_cosine",
  "acc_valid": 1.0,
  "acc_test": 0.9868421052631579,
  "macro_f1_valid": 1.0,
  "macro_f1_test": 0.9906759906759908,
  "acc3_valid": 1.0,
  "acc3_test": 1.0
}